PLAYER,POS,TEAM,GP,GS,MPG,PPG,FGM,FGA,FG%,3PM,3PA,3P%,FTM,FTA,FT%
James Harden,SG,HOU,19,19,36.8,38.9,10.7,24.1,44.6,4.9,13.9,35.5,12.5,14.4,86.5
Giannis Antetokounmpo,PF,MIL,21,21,31.9,30.8,11.4,20.2,56.5,1.5,4.9,30.4,6.5,11.1,58.4
Luka Doncic,SF,DAL,19,19,34.1,30.6,9.8,20.4,48.3,3.1,9.4,33,7.8,9.4,82.7
Kyrie Irving,PG,BKN,11,11,33.8,28.5,10.2,22.9,44.4,2.8,8.3,34.1,5.4,5.7,93.7
Trae Young,PG,ATL,20,20,34.4,28.2,9.3,20.4,45.7,3.4,8.7,38.5,6.2,7.3,85.6
Bradley Beal,SG,WAS,18,18,36.5,28,9.8,21.1,46.7,2.7,8,34,5.6,6.7,83.5
Damian Lillard,PG,POR,18,18,37,27.3,8.5,19,44.7,3.3,9,36.4,7.1,7.7,92
Anthony Davis,PF,LAL,19,19,34.6,26.1,9.1,18.9,47.9,1.2,3.4,34.4,6.8,7.8,87.2
Kawhi Leonard,SF,LAC,15,15,31.4,25.9,9.4,20.9,45,1.6,5.2,30.8,5.5,6.5,84.7
Karl-Anthony Towns,C,MIN,17,17,33.1,25.9,8.8,17.5,50.2,3.8,8.9,42.1,4.6,5.8,80.6
LeBron James,SF,LAL,20,20,34.8,25.6,9.9,19.8,50.1,2,5.8,34.5,3.8,5.6,68.1
Pascal Siakam,PF,TOR,19,19,36.8,25.6,9.6,20.5,47,2.5,6.5,39,3.8,4.7,81.1
Brandon Ingram,SF,NO,16,16,34.1,25.5,9.2,18.9,48.8,2.4,5.7,41.8,4.6,5.7,81.3
Andrew Wiggins,SF,MIN,16,16,34.9,24.8,9.4,20.4,46.2,2.2,6.6,34.3,3.7,5.2,70.2
Donovan Mitchell,SG,UTA,21,21,34.7,24.5,8.9,20.5,43.5,2.3,6.2,36.9,4.4,5.3,83
Devin Booker,SG,PHO,19,19,35.6,24.4,8.7,17.1,50.8,2.2,5.4,40.8,4.8,5.1,94.8
D'Angelo Russell,SG,GS,10,10,31.5,24.3,8.5,18.7,45.5,2.8,7.9,35.4,4.5,5.9,76.3
Paul George,SF,LAC,10,10,29.5,23.4,7.3,16.9,43.2,3.8,9.7,39.2,5,5.3,94.3
Joel Embiid,C,PHI,17,17,30.1,22.4,7.2,15.9,45.4,1.2,3.8,31.2,6.8,8.3,81.6
Zach LaVine,PG,CHI,21,21,32.2,22.4,7.8,17.9,43.5,3,7.3,41.6,3.9,4.8,81
Russell Westbrook,G,HOU,17,17,33.2,22.1,8.1,19.1,42.6,1.2,5.3,23.3,4.6,6.4,72.2
CJ McCollum,SG,POR,20,20,36.8,22,8.8,20,43.9,2.6,6.7,38.1,1.8,2.2,82.2
Kyle Lowry,PG,TOR,8,8,36.1,21.8,6.8,14.1,47.8,3.6,8.5,42.6,4.6,5.2,88.1
Lou Williams,SG,LAC,21,3,31.6,21.7,6.9,16.1,42.9,1.9,5,37.5,6,7.1,84.7
DeMar DeRozan,SG,SA,21,21,33.6,21.6,8.3,15.9,52.6,0.1,0.4,25,4.9,6,81.6
Kemba Walker,PG,BOS,18,18,32.3,21.6,6.9,17.3,40.2,3.4,8.8,38.6,4.3,4.8,90.7
Jayson Tatum,PF,BOS,19,19,34.6,21.1,7.6,18.6,41.1,2.4,6.5,36.6,3.4,4.2,82.3
Bojan Bogdanovic,SF,UTA,20,20,33.1,20.9,7.2,15.3,47.4,3,6.8,44.9,3.4,3.8,87
Buddy Hield,SG,SAC,19,19,33.7,20.8,7.4,17.8,41.7,3.8,10.4,36.5,2.2,2.5,87.2
Spencer Dinwiddie,PG,BKN,20,9,29.1,20.6,6.6,15.6,42.2,2,6.2,32.5,5.4,6.2,87.2
Stephen Curry,PG,GS,4,4,28,20.2,6.8,16.5,40.9,2.2,9.2,24.3,4.5,4.5,100
Malcolm Brogdon,PG,IND,17,17,31.8,19.4,7.1,14.8,48,1.4,4.3,32.9,3.7,3.9,95.5
Jrue Holiday,PG,NO,18,18,36.2,19.4,7.7,17.4,44.1,1.9,5.4,35.7,2.1,2.7,79.2
Jaylen Brown,SG,BOS,16,16,33.4,19.2,7.3,14.8,49.4,1.8,5,36.2,2.8,3.9,71.4
Evan Fournier,SG,ORL,19,19,30.7,19.2,6.6,13.9,47.7,2.6,6.1,42.6,3.3,3.9,85.1
Gordon Hayward,SF,BOS,8,8,31.1,18.9,7.6,13.8,55.5,1.6,3.8,43.3,2,2.4,84.2
LaMarcus Aldridge,PF,SA,20,20,32.8,18.8,7.6,14.8,51.7,0.6,1.6,35.5,3,3.6,83.3
Jimmy Butler,SF,MIA,15,15,33.4,18.8,5.3,12.9,41.5,0.7,2.8,23.8,7.5,8.6,86.8
Montrezl Harrell,PF,LAC,21,2,29.7,18.8,7.8,13.2,59,0,0.4,0,3.1,4.8,65.3
Marcus Morris,SF,NY,19,19,33.1,18.7,6,14.2,42.4,2.8,5.4,52.4,3.8,4.6,83.9
Ja Morant,PG,MEM,17,17,28.7,18.6,6.9,15.2,45.7,0.9,2.3,41,3.8,5,76.5
Fred VanVleet,SG,TOR,19,19,37.5,18.6,6,14.6,41,2.7,6.8,40,3.9,4.4,88.1
Danilo Gallinari,SF,OKC,19,19,29.9,18.5,5.5,12.4,44.5,2.8,6.6,42.1,4.6,5.1,91.7
Blake Griffin,PF,DET,8,8,29,18.5,6.1,14.6,41.9,1.4,5.8,23.9,4.9,6.1,79.6
Jamal Murray,PG,DEN,17,17,33.2,18.5,7.1,16.2,43.6,1.9,5.4,34.8,2.5,2.8,89.6
Tobias Harris,SF,PHI,21,21,34.2,18.4,7.3,14.9,48.9,1.2,4.2,29.5,2.6,3.4,77.5
Domantas Sabonis,PF,IND,18,18,34.1,18.4,7.3,14.2,51.2,0.3,1.2,23.8,3.6,4.5,80.2
De'Aaron Fox,PG,SAC,9,9,32,18.2,6.1,14.2,43,1.1,3.3,33.3,4.9,6.9,71
Shai Gilgeous-Alexander,SG,OKC,19,19,34.3,18.2,6.8,15.5,43.7,1.5,4.1,35.9,3.2,4.1,77.9
Deandre Ayton,C,PHO,1,1,33,18,9,14,64.3,0,0,0,0,0,0
Devonte' Graham,PG,CHA,22,12,33.5,18,6,14.6,40.8,3.3,8.3,39.6,2.9,3.5,80.8
Kelly Oubre Jr.,SF,PHO,19,19,31.4,17.8,6.2,13.4,46.1,1.6,4.6,34.1,3.9,4.8,80.4
Collin Sexton,PG,CLE,19,19,30.6,17.8,6.8,15.6,43.8,1.3,3.8,33.3,2.9,3.6,79.7
T.J. Warren,SF,IND,20,20,33,17.8,7.2,14.4,50.3,1.3,3.2,41.3,2,2.4,81.2
Carmelo Anthony,SF,POR,6,6,30.7,17.7,7,15.2,46.2,1.7,4.5,37,2,2.5,80
Khris Middleton,SF,MIL,14,11,27.4,17.4,6.4,13.3,47.8,1.9,5.2,37,2.8,3.1,88.6
Eric Paschall,PF,GS,21,15,31.7,17.3,6.4,12.5,51,0.7,2.4,29.4,3.9,4.8,81
Julius Randle,PF,NY,21,21,32.4,17.3,6.3,14,44.9,0.9,3.6,25,3.8,5.7,66.7
Terry Rozier,PG,CHA,22,22,32.4,17.3,6.1,14.1,43.1,2.6,6.4,40.7,2.5,3,86.2
Kevin Love,PF,CLE,16,16,31.6,17.2,5.2,11.6,44.6,2.2,6.2,36.4,4.6,5.2,88.1
Kristaps Porzingis,PF,DAL,18,18,31.2,17.2,6.1,15.3,40,2.2,6.3,35.1,2.7,3.9,69
Nikola Vucevic,C,ORL,14,14,30.8,17.1,6.8,15.1,45,1.1,3.6,32,2.4,2.8,84.6
John Collins,PF,ATL,5,5,32.2,17,6.4,12.2,52.5,1.8,3.8,47.4,2.4,3.4,70.6
Andre Drummond,C,DET,20,20,34.1,17,7.2,13.2,54.3,0,0.5,0,2.6,4.2,62.4
Luke Kennard,SG,DET,20,17,33.8,16.9,5.8,12.8,44.7,2.7,6.7,40.3,2.7,3,88.5
Jeremy Lamb,SG,IND,11,11,32.9,16.9,6.5,13.2,49,1.2,4,29.5,2.8,3.3,86.1
Caris LeVert,SG,BKN,9,9,31.6,16.8,6.6,15.6,42.1,1.4,4,36.1,2.2,3.4,64.5
Harrison Barnes,SF,SAC,19,19,35.1,16.7,5.7,11.7,49.1,1.5,4.1,37.7,3.7,4.6,79.5
Jabari Parker,PF,ATL,21,16,28,16.3,6.7,13.5,49.6,1,4,26.5,1.9,2.6,72.2
Derrick Rose,PG,DET,15,1,23.3,16.3,6.3,12.6,49.7,0.9,2.3,38.2,2.9,3.3,87.8
Kendrick Nunn,SG,MIA,19,19,29.1,16.1,6.4,13.8,46.4,2.2,5.8,38.2,1.1,1.4,76.9
Josh Richardson,SG,PHI,16,16,32,16.1,5.8,12.8,45.6,2,5.2,38.6,2.5,3.1,80
Goran Dragic,PG,MIA,18,1,28.7,15.9,5.4,11.6,46.6,2.2,5.3,40.6,3,4.2,71.1
Jaren Jackson Jr.,PF,MEM,19,19,26.7,15.7,5.7,12.3,46.2,2.1,5.3,38.6,2.3,2.8,83
Chris Paul,PG,OKC,19,19,30.5,15.7,4.9,10.8,45.6,1.7,4.4,38.6,4.1,4.6,88.6
Nikola Jokic,C,DEN,17,17,31,15.6,6.4,13.9,45.8,0.9,4.1,23.2,1.9,2.5,76.7
Dennis Schroder,PG,OKC,19,0,28.8,15.5,6,13.6,44.2,1.4,4.8,29.7,2.1,2.7,76.5
Will Barton,SG,DEN,15,15,32.8,15.4,5.8,12.7,45.5,1.9,4.5,42.6,1.9,2.5,73.7
Eric Bledsoe,PG,MIL,21,21,27.1,15.3,5.8,12.3,46.7,1.1,3.7,30.8,2.6,3.3,78.6
JJ Redick,SG,NO,19,15,28.6,15.2,4.7,10.6,44.6,3.5,7.4,47.1,2.3,2.7,84.3
Alec Burks,SG,GS,19,10,29.1,15,4.9,12.4,39.8,1.4,4.2,33.8,3.7,4.2,87.5
Bogdan Bogdanovic,SG,SAC,18,0,27.5,14.8,5.2,12.7,40.6,2.8,7.2,38.5,1.7,2.3,71.4
Hassan Whiteside,C,POR,17,17,27.6,14.8,6,10.3,58.3,0,0,0,2.8,3.6,75.8
R.J. Barrett,SF,NY,20,20,32.4,14.7,5.4,13.8,39.6,1,3.2,31.7,2.8,5.2,53.3
Aron Baynes,C,PHO,13,12,24,14.7,5.5,9.7,56.3,1.9,4.4,43.9,1.8,2.6,70.6
Clint Capela,C,HOU,15,15,31.9,14.6,6.7,10.5,63.7,0,0,0,1.3,2.9,44.2
Joe Harris,SG,BKN,20,20,31.8,14.6,5.5,11.4,48.2,2.8,6.4,44.2,0.8,1,75
Al Horford,C,PHI,19,19,31.4,14.5,5.9,12.2,48.3,1.5,3.9,37.3,1.3,1.8,68.6
Tyler Herro,SG,MIA,18,3,29.2,14.4,5.2,11.4,45.1,2.1,5.2,40.4,2,2.4,81.8
Jordan Clarkson,PG,CLE,19,0,22.5,14.2,4.6,10.9,41.8,1.7,4.9,35.5,3.3,3.7,88.6
Tristan Thompson,C,CLE,18,18,31.5,14.1,5.9,11.5,51.7,0.2,0.4,42.9,2.1,3.3,61.7
Marvin Bagley III,PF,SAC,1,1,28,14,6,16,37.5,0,0,0,2,4,50
Rudy Gobert,C,UTA,19,19,34.4,14,5.2,7.9,64.9,0,0,0,3.7,5.9,61.9
Bam Adebayo,C,MIA,19,19,32.1,13.9,5.1,8.8,57.5,0.1,0.3,16.7,3.8,5.8,65.5
Thomas Bryant,C,WAS,18,18,28.4,13.9,5.6,10.2,54.9,0.6,1.9,28.6,2.2,2.9,73.6
Mike Conley,PG,UTA,21,21,29.9,13.9,4.6,12.5,36.9,1.9,5.1,37.4,2.8,3.5,79.5
Serge Ibaka,PF,TOR,9,0,22.7,13.9,5.4,10.9,50,0.8,2.3,33.3,2.2,2.7,83.3
Dillon Brooks,SG,MEM,20,20,27.7,13.6,5,12.4,39.9,1.8,4.6,39.6,2,2.4,81.2
Lauri Markkanen,PF,CHI,21,21,29.4,13.6,4.1,11.5,35.7,1.7,5.6,29.7,3.7,4.5,82.1
Jonas Valanciunas,C,MEM,18,18,24.7,13.6,5.7,10.3,55.4,0.6,1.7,33.3,1.6,1.8,84.8
Paul Millsap,PF,DEN,17,17,26.1,13.5,4.5,9.2,48.4,1.2,2.4,48.8,3.4,3.8,87.7
Rui Hachimura,PF,WAS,18,18,27.4,13.3,5.8,11.9,48.6,0.4,1.9,22.9,1.3,1.6,82.8
Davis Bertans,SF,WAS,18,0,27.6,13.2,4.4,9.4,46.5,3.4,7.6,45.6,1,1.2,85.7
Ricky Rubio,PG,PHO,14,14,30.9,13.2,4.4,11.1,40,1.2,3.6,34,3.1,3.8,83
Jonathan Isaac,PF,ORL,17,17,30.6,13.1,4.9,10.6,46.4,1.3,3.8,34.4,1.9,2.3,82.1
Ben Simmons,PG,PHI,19,19,34.3,13,5.4,10.3,52.8,0.1,0.2,33.3,2.1,3.6,58
Taurean Waller-Prince,PF,BKN,20,20,30.2,13,4.6,11.8,39.6,2.8,7,39,1,1.4,70.4
Coby White,PG,CHI,21,0,25.1,12.9,4.7,12.6,37,2,6.1,33.3,1.5,1.9,79.5
Norman Powell,SG,TOR,19,11,28.1,12.8,4.6,10,46.3,1.7,4.7,37.1,1.8,2.2,85.4
Miles Bridges,SF,CHA,22,22,31.2,12.7,5,11.3,44.8,1.5,4.4,35.1,1.1,1.5,75
Tim Hardaway Jr.,SG,DAL,19,6,24.4,12.7,4.3,10.3,41.3,2.3,6.2,36.4,1.9,2.4,80
Wendell Carter Jr.,C,CHI,21,21,29.3,12.6,4.9,8.7,56.6,0.1,0.7,14.3,2.7,3.9,69.1
Bryn Forbes,SG,SA,21,21,26.8,12.5,4.3,11,39.6,2.3,6.8,34.5,1.5,1.6,91.2
Aaron Gordon,PF,ORL,16,16,30.5,12.4,4.4,11.3,39.2,1.1,3.9,27.4,2.5,3.4,72.7
Danuel House Jr.,SF,HOU,14,13,29.7,12.4,3.9,8.3,47.4,2.6,5.8,44.4,1.9,2.4,79.4
Jeff Teague,PG,MIN,15,11,28.9,12.4,3.7,9,41.5,0.7,2.5,27,4.3,5,85.3
Langston Galloway,SG,DET,20,6,27.6,12.2,3.8,8.8,42.9,2.4,5.8,41.7,2.2,2.4,91.5
Rodney Hood,SG,POR,18,18,30.4,12.2,4.6,8.7,53.2,1.8,3.6,50.8,1.2,1.5,77.8
De'Andre Hunter,SF,ATL,21,21,31.7,12.2,4.3,11,39.6,1.7,4.7,36.4,1.8,2.3,79.2
Myles Turner,C,IND,12,12,31.1,12.2,4.4,9.8,44.9,1.7,4.2,40,1.7,2.3,71.4
Robert Covington,PF,MIN,18,18,27.3,12.1,4.1,9.2,44.2,1.9,5.5,35.4,2.1,2.3,88.1
Isaiah Thomas,PG,WAS,16,13,24.4,12.1,4.6,10.6,43.5,2,4.9,41,0.9,1.1,77.8
Justise Winslow,SF,MIA,8,5,33.9,12.1,4.8,12.5,38,0.5,2.6,19,2.1,3.1,68
Josh Hart,SG,NO,13,4,28.2,12,3.9,8.8,44.3,2.2,5.9,37.7,1.9,2.5,78.1
Moe Wagner,SF,WAS,17,0,19.4,12,4.6,7.6,60.8,1.1,2.6,43.2,1.6,1.9,84.4
Terrence Ross,SG,ORL,17,0,24.4,11.9,4.4,10.9,39.8,1.8,6.2,28.6,1.5,1.8,80.6
Marcus Smart,PG,BOS,19,14,31.9,11.9,4.1,10.9,37.7,2.2,6.6,32.8,1.5,1.7,87.9
Brandon Clarke,SF,MEM,18,2,21.2,11.8,5.1,8.1,63,0.6,1.2,45.5,1.1,1.3,82.6
P.J. Washington,PF,CHA,22,22,27.6,11.8,4.5,8.9,50.5,1.3,3,43.9,1.5,2.2,66.7
J.J. Barea,PG,DAL,3,0,14.7,11.7,4.3,8.3,52,2.3,3.3,70,0.7,0.7,100
Markelle Fultz,PG,ORL,19,14,25.2,11.7,4.8,9.7,49.5,0.4,1.9,21.6,1.7,2.1,80
Jarrett Allen,C,BKN,20,17,26.4,11.6,4.5,6.8,66.7,0,0,0,2.6,4.4,58
Glenn Robinson III,SF,GS,22,22,32.1,11.6,4.6,10.2,45.1,1.3,3.3,38.9,1.1,1.4,83.3
Richaun Holmes,PF,SAC,19,15,27.7,11.5,4.9,7.5,65.7,0,0,0,1.6,2.1,77.5
Lonzo Ball,PG,NO,12,9,27.5,11.3,4.2,10.8,39.2,2.3,6.5,35.9,0.5,0.8,60
Rudy Gay,SF,SA,21,2,23.2,11.3,4.2,9,46.8,0.9,3.2,27.9,2,2.3,87.5
OG Anunoby,SF,TOR,18,18,30.1,11.2,4.4,8.3,53,1.7,3.7,47,0.7,1.4,52
Kyle Kuzma,PF,LAL,16,1,22.5,11.2,4.1,9.4,44,1.6,4.7,33.3,1.4,1.9,76.7
Otto Porter Jr.,SF,CHI,9,9,25.1,11.2,3.9,9.3,41.7,1.8,4.4,40,1.7,2.2,75
Cody Zeller,PF,CHA,19,17,24,11.2,4.4,8.4,52.5,0.6,1.7,36.4,1.7,2.6,65.3
Gary Harris,SG,DEN,17,17,32.3,11.1,4.2,10.1,41.3,1.5,4.2,34.7,1.3,1.7,75.9
Patty Mills,PG,SA,21,1,22.3,11.1,4,8.4,46.9,2,4.8,43,1.2,1.5,80.6
Larry Nance Jr.,PF,CLE,17,3,25.9,11.1,4.2,7.8,54.1,1.3,3.3,39.3,1.3,1.8,71
Darius Garland,PG,CLE,19,19,28.2,10.9,4.1,10.8,38,1.7,4.4,38.1,1.1,1.3,83.3
Eric Gordon,SG,HOU,9,2,29.4,10.9,3.8,12.2,30.9,2.3,8.2,28.4,1,1.6,64.3
Dario Saric,PF,PHO,19,19,28.1,10.9,3.9,9.3,41.8,1.7,4.7,36,1.4,1.6,87.1
Brook Lopez,C,MIL,19,19,27,10.7,3.6,8.8,41.1,1.5,5.1,28.9,1.9,2.1,92.5
Duncan Robinson,SF,MIA,19,14,25.2,10.7,3.6,7.8,45.9,2.7,6.5,42.3,0.8,0.8,93.8
Jae Crowder,SF,MEM,20,20,30.9,10.6,3.6,8.9,39.9,2.2,6.4,33.6,1.4,2,69.2
Markieff Morris,PF,DET,20,12,22.8,10.6,4,8.3,47.6,1.6,3.8,40.3,1.1,1.5,73.3
Nemanja Bjelica,PF,SAC,19,18,26.3,10.5,4.1,8.5,47.8,1.7,3.9,42.7,0.7,0.8,93.3
Jake Layman,SF,MIN,14,2,26.4,10.5,4.4,9.4,46.2,1.4,3.9,35.2,0.4,0.7,60
Anfernee Simons,SG,POR,20,1,21.6,10.2,3.8,9,41.9,1.4,4.2,34.5,1.3,1.8,74.3
Derrick White,PG,SA,19,7,23.9,10.1,3.5,7.4,46.8,1,2.4,42.2,2.1,2.7,78.4
Damion Lee,SG,GS,11,0,21.9,10,3.2,8.3,38.5,1.1,3.2,34.3,2.5,3,84.8
E'Twaun Moore,SG,NO,15,3,21.3,10,3.9,9.3,41.7,1.3,3.6,37,0.9,1.5,63.6
George Hill,PG,MIL,19,0,21.7,9.9,3.5,6.5,53.7,1.7,3.2,52.5,1.3,1.6,80.6
Frank Kaminsky,PF,PHO,19,6,23.6,9.9,3.4,8.4,40.3,1,3.7,27.1,2.2,3.3,66.1
Steven Adams,C,OKC,16,16,26.2,9.8,4.3,7.4,58.5,0,0,0,1.2,2.6,46.3
Rondae Hollis-Jefferson,SF,TOR,12,0,22.4,9.7,3.8,6.8,56.8,0,0.2,0,2,2.7,75
Cedi Osman,SF,CLE,19,19,30.1,9.7,3.6,8.5,42,1.6,4.4,36.9,0.9,1.4,69.2
P.J. Tucker,PF,HOU,19,19,34.7,9.7,3.5,6.6,53.6,1.9,4.1,46.2,0.8,0.9,83.3
Avery Bradley,PG,LAL,10,10,27.4,9.6,4.1,8.4,48.8,0.8,2.8,28.6,0.6,0.8,75
Malik Monk,SG,CHA,22,0,21.2,9.6,3.7,8.3,44.3,1,3.8,27.4,1.2,1.5,84.4
Dejounte Murray,PG,SA,18,13,22.3,9.6,3.8,8.3,45.3,0.3,1.3,20.8,1.8,2.3,78
Tomas Satoransky,SG,CHI,21,21,26.6,9.6,3.5,7.6,45.6,1.3,3.1,41.5,1.3,1.5,90.3
Jahlil Okafor,C,NO,13,6,17.6,9.5,3.8,5.8,65.3,0.1,0.2,50,1.8,2.8,66.7
Jerami Grant,PF,DEN,17,0,22.5,9.4,3.5,8.1,43.8,1,3.2,31.5,1.3,2.1,62.9
Aaron Holiday,PG,IND,18,8,21.6,9.3,3.6,9,40.1,1.6,4,38.9,0.5,0.6,90
Kevin Huerter,SG,ATL,10,3,22.5,9.3,3.2,7.5,42.7,1.7,4.4,38.6,1.2,1.5,80
Garrett Temple,SG,BKN,20,11,26.9,9.3,3.2,8,40,2,5.8,34.5,0.9,1.2,75
Jarrett Culver,SG,MIN,19,9,23.7,9.2,3.6,9.6,37.2,1.1,3.9,28,0.9,2.2,40.5
Landry Shamet,SG,LAC,10,10,29.4,9.1,3,7.7,39,2.1,5.8,36.2,1,1,100
Kadeem Allen,SG,NY,1,0,16,9,3,6,50,3,4,75,0,0,0
Keita Bates-Diop,SF,MIN,8,0,18.8,9,3.4,6,56.2,1.6,3.2,50,0.6,1,62.5
Ky Bowman,PG,GS,22,6,23.6,9,3.5,7.9,45.1,1,2.5,40,0.9,0.9,95
Zach Collins,PF,POR,3,3,28.7,9,3,6.3,47.4,1,2.3,42.9,2,2,100
Furkan Korkmaz,SG,PHI,20,8,23,9,3.2,7.6,43,1.7,4.7,36.2,0.8,1,81
Christian Wood,PF,DET,18,0,14.7,9,3.3,5.4,61.2,0.7,1.5,48.1,1.6,2.3,69
Hamidou Diallo,SG,OKC,12,1,21.3,8.8,3.8,7.7,50,0.2,1.1,15.4,0.9,1.5,61.1
Jordan McRae,SG,WAS,12,0,17.4,8.8,3.3,7,47.6,0.9,2.3,39.3,1.2,1.3,93.8
Bobby Portis,PF,NY,21,2,21.8,8.8,3.5,8.8,40,1.1,2.9,38.3,0.7,1,70
Thaddeus Young,SF,CHI,21,0,21.3,8.8,3.5,8.6,40.6,1.1,3.3,32.9,0.7,1.3,55.6
D.J. Augustin,PG,ORL,19,5,25.5,8.7,3.1,8.2,37.2,0.9,3.2,28.3,1.7,2,86.8
Donte DiVincenzo,SG,MIL,18,10,20.9,8.7,3.3,7.7,43.2,1.4,3.8,36.2,0.7,1,66.7
Dorian Finney-Smith,SF,DAL,19,16,26.4,8.7,3.2,6.7,46.9,1.2,3.6,33.3,1.2,1.7,69.7
Kelly Olynyk,PF,MIA,19,0,22.8,8.7,3,6.4,46.7,1.6,3.7,43.7,1.1,1.3,87.5
Danny Green,SF,LAL,20,20,25.4,8.6,3.1,7,44.6,2,4.9,39.8,0.4,0.6,72.7
Cameron Johnson,SF,PHO,17,0,18.6,8.6,2.9,6.9,42.7,1.8,4.5,39,0.9,1,94.1
Draymond Green,PF,GS,13,13,27.8,8.5,3.2,7.8,40.6,0.8,2.6,29.4,1.5,1.9,76
Doug McDermott,SF,IND,20,0,20.8,8.5,3.2,7.4,43.5,1.6,3.8,42.7,0.5,0.6,83.3
Josh Okogie,SG,MIN,17,2,24.1,8.5,2.6,6.2,42.9,0.6,2.4,25,2.6,3.5,74.6
Jordan Poole,SG,GS,22,9,25.4,8.5,2.7,10.1,26.5,1.3,5.2,25.2,1.9,2.2,85.4
Mitchell Robinson,C,NY,17,6,20.5,8.5,3.4,4.9,67.9,0,0,0,1.8,2.9,61.2
Tony Snell,SG,DET,16,14,25.6,8.4,3,6.5,46.2,2.1,4.6,45.9,0.2,0.2,100
Derrick Favors,PF,NO,9,7,21,8.3,4,6.4,62.1,0.1,0.2,50,0.2,0.7,33.3
Wesley Matthews,SG,MIL,21,21,24.4,8.3,2.8,6.4,44,1.7,4.4,38,1,1.2,84
Jaxson Hayes,C,NO,17,7,19.8,8.2,3.2,5.4,60.4,0,0.1,0,1.8,2.8,63.8
Ben McLemore,SG,HOU,19,5,20.8,8.2,2.6,7.1,36.6,1.9,6,31.6,1.1,1.3,84
Ish Smith,PG,WAS,18,5,23.9,8.2,3.5,8.1,43.4,0.7,2.2,32.5,0.4,0.7,61.5
Delon Wright,PG,DAL,19,2,22.2,8.2,3.1,6.3,49.6,0.6,1.8,35.3,1.4,1.7,81.2
Ivica Zubac,C,LAC,21,19,16.1,8.2,3.2,5.3,60.4,0,0,0,1.9,2.3,81.2
Kentavious Caldwell-Pope,SG,LAL,20,10,23.2,8,3,6.8,44.5,1.2,2.8,40.4,0.7,0.9,77.8
Jeff Green,PF,UTA,21,1,18.8,8,2.4,6.5,37.2,1.1,3.6,30.7,2,2.6,79.6
Justin Holiday,SF,IND,20,2,25.2,8,2.7,6.4,41.9,1.6,4.2,39.8,1,1.2,82.6
DeAndre Jordan,C,BKN,17,3,21.5,8,3.4,4.9,68.7,0,0,0,1.3,2.1,61.1
Elfrid Payton,PG,NY,4,3,25.5,8,2.8,7.2,37.9,1.2,2,62.5,1.2,1.5,83.3
Rajon Rondo,PG,LAL,10,0,20,8,3.1,7.1,43.7,1.3,2.9,44.8,0.5,0.7,71.4
Omari Spellman,PF,GS,21,0,18.9,8,2.9,6.8,42.3,0.7,2.2,32.6,1.6,1.9,82.5
Marvin Williams,PF,CHA,22,0,20.1,8,2.8,5.5,50,1.4,3.3,41.7,1.1,1.3,89.3
Bismack Biyombo,C,CHA,20,5,16.7,7.9,3,5.2,58.1,0,0,0,1.8,3.2,55.4
Frank Jackson,PG,NO,18,1,15.8,7.9,2.7,7,38.9,1.1,3.3,33.3,1.3,1.7,80
Maxi Kleber,PF,DAL,18,5,25.3,7.9,2.7,6.6,41.5,1.4,4,36.1,1.1,1.2,86.4
Austin Rivers,PG,HOU,19,1,23.9,7.9,2.9,7.2,40.1,1.2,4.1,28.6,0.9,1.4,69.2
DeAndre' Bembry,SG,ATL,21,3,26,7.8,3.2,6.3,51.1,0.4,1.4,30,0.9,1.8,48.6
Bruce Brown,SG,DET,20,16,27.1,7.8,3.1,7,44,0.6,1.6,34.4,1,1.8,57.1
Seth Curry,SG,DAL,17,9,20.6,7.8,2.5,6,42.2,1.4,3.8,36.9,1.3,1.4,91.7
Enes Kanter,C,BOS,12,3,16.4,7.8,3,5.2,57.1,0,0.1,0,1.8,2.8,63.6
Kevin II Knox,SF,NY,20,3,20.1,7.8,2.5,6.8,37,1.3,3.7,35.1,1.6,2.4,66
JaMychal Green,PF,LAC,21,0,22.1,7.7,2.6,6.3,41.7,1.6,4.2,38.2,0.9,1,85.7
Dwight Powell,PF,DAL,16,13,25.6,7.7,3.2,5.1,63,0.2,0.7,36.4,1.1,2.1,51.5
Allonzo Trier,SG,NY,10,1,13.6,7.7,2.2,4.3,51.2,1.2,2.6,46.2,2.1,2.6,80.8
Nerlens Noel,C,OKC,18,3,18.6,7.6,3,4.7,63.5,0,0,0,1.6,2.1,76.3
Brad Wanamaker,PG,BOS,19,0,17.4,7.6,2.5,4.9,50.5,0.5,1.3,41.7,2.2,2.4,91.1
Willie Cauley-Stein,C,GS,19,18,22.4,7.5,3.4,6.3,53.8,0,0,0,0.7,1,73.7
James Ennis III,SF,PHI,21,0,17.2,7.5,2.6,5.1,50.5,1,2.2,42.6,1.4,1.8,76.3
Dwayne Bacon,SG,CHA,16,10,20.9,7.4,2.9,8.8,32.6,0.6,2.4,23.1,1.1,1.6,69.2
Damian Jones,C,ATL,20,12,18.4,7.4,3,4.4,69,0.1,0.2,40,1.2,1.7,73.5
Emmanuel Mudiay,PG,UTA,18,0,15.6,7.4,3.1,6.4,47.8,0.4,1.5,25.9,0.9,1.2,77.3
Kent Bazemore,SG,POR,20,2,22.4,7.3,2.4,7.2,33.1,1.1,3.4,32.4,1.4,1.8,77.8
Patrick Beverley,PG,LAC,19,19,29.8,7.3,2.7,7.4,36.4,1.2,4.4,27.7,0.7,1.1,61.9
Jalen Brunson,PG,DAL,19,3,16.6,7.3,2.8,6.3,45.4,0.5,2,26.3,1.1,1.5,69
Marquese Chriss,PF,GS,21,1,18.2,7.3,2.6,5.5,47.8,0.1,0.8,17.6,2,2.3,85.4
Joe Ingles,SF,UTA,21,1,27.5,7.3,2.5,6.8,36.4,1.4,4.5,30.9,1,1.3,75
Shabazz Napier,PG,MIN,7,0,20.3,7.3,2,6.3,31.8,1.1,4.6,25,2.1,2.6,83.3
Cam Reddish,SF,ATL,18,15,23.9,7.2,2.4,8.5,28.8,0.8,3.7,21.2,1.5,1.9,77.1
Chandler Hutchison,SF,CHI,9,6,17.1,7.1,2.2,4.9,45.5,0.6,1.3,41.7,2.1,3.2,65.5
JaVale McGee,C,LAL,20,20,16.8,7.1,3.2,5.2,61.2,0,0,0,0.8,1.2,64
Mason Plumlee,PF,DEN,17,0,16.7,7.1,2.9,4.9,59,0,0.1,0,1.4,2.6,51.1
Troy Brown Jr.,SG,WAS,15,11,21.1,7,2.9,6.7,43.6,0.5,1.7,26.9,0.7,0.8,83.3
Terence Davis,SG,TOR,19,0,15.9,7,2.6,5.1,50.5,1.2,2.7,44.2,0.6,0.7,92.3
Edmond Sumner,PG,IND,3,2,22.3,7,3,6,50,0,1,0,1,1.7,60
Tremont Waters,PG,BOS,1,0,20,7,2,7,28.6,1,5,20,2,2,100
Tyler Johnson,SG,PHO,18,3,20,6.9,2.4,6.1,40,1,3,33.3,1,1.3,75
Dwight Howard,C,LAL,20,0,19.9,6.8,2.7,3.6,75,0,0,0,1.4,2.4,55.1
Alex Len,C,ATL,20,9,16.8,6.8,2.6,5.3,49.1,0.2,1.3,15.4,1.4,2,68.3
T.J. McConnell,PG,IND,18,0,17.3,6.8,3.2,6.2,50.9,0.1,0.2,33.3,0.4,0.5,88.9
Abdel Nader,SF,OKC,12,0,14.1,6.8,2.3,4.9,47.5,1,2.6,38.7,1.2,1.5,77.8
Kyle Anderson,SF,MEM,17,0,20.5,6.7,2.8,5.5,50.5,0.2,0.9,25,0.9,1.6,57.1
Boban Marjanovic,C,DAL,9,1,12,6.7,2.8,5.4,51,0,0.1,0,1.1,1.3,83.3
Grayson Allen,SG,MEM,10,0,18.4,6.6,2.1,6.8,30.9,0.9,3.3,27.3,1.5,1.7,88.2
Solomon Hill,SF,MEM,18,1,18.8,6.6,2.4,5.2,46.2,1.3,2.9,44.2,0.6,0.9,62.5
Ersan Ilyasova,SF,MIL,19,0,16.1,6.6,2.4,4.9,48.4,0.7,2.4,30.4,1.2,1.4,81.5
Justin Jackson,SF,DAL,18,0,13.2,6.6,2.4,4.9,50,1.2,2.5,46.7,0.5,0.6,81.8
Monte Morris,PG,DEN,17,0,17.2,6.6,2.7,6.5,41.4,0.4,1.1,38.9,0.8,1.2,70
Malik Beasley,SG,DEN,13,0,15.6,6.5,2.4,6,39.7,1.4,2.9,47.4,0.4,0.4,100
Frank Ntilikina,PG,NY,19,15,26.1,6.5,2.5,6.5,38.2,0.8,2.5,33.3,0.7,0.9,76.5
Nickeil Alexander-Walker,SG,NO,16,0,14.4,6.4,2.2,7,32.1,1.3,3.8,34.4,0.6,0.9,71.4
Skal Labissiere,PF,POR,20,0,16.8,6.4,2.8,4.8,56.7,0.1,0.4,28.6,0.8,1.1,68.2
C.J. Miles,SF,WAS,10,0,16.1,6.4,1.9,5.9,32.2,1.1,3.5,31.4,1.5,2,75
Daniel Theis,PF,BOS,16,15,21.6,6.4,2.6,5.3,48.2,0.1,0.8,15.4,1.2,1.7,70.4
Treveon Graham,SG,MIN,18,17,24.4,6.3,2.3,6.9,33.6,0.6,3.1,19.6,1,1.2,81.8
Kevin Porter,SG,CLE,18,1,20.4,6.3,2.4,6.2,38.7,0.4,2.1,21.1,1.1,1.4,76
Mikal Bridges,SF,PHO,19,0,20.3,6.2,2.3,5.1,44.8,0.4,1.6,22.6,1.3,1.6,80.6
Kris Dunn,PG,CHI,21,2,21,6.2,2.7,6.5,41.9,0.3,2,16.3,0.4,0.6,69.2
Meyers Leonard,PF,MIA,19,19,18.9,6.2,2.5,4.2,60,0.9,1.8,52.9,0.2,0.4,50
Trey Burke,PG,PHI,7,0,17.4,6.1,2.3,6.4,35.6,0.7,1.9,38.5,0.9,1.1,75
Damyean Dotson,SG,NY,17,0,16.4,6.1,2.3,5.6,41.1,0.9,3.1,30.2,0.6,0.8,76.9
Marc Gasol,C,TOR,19,19,28.4,6.1,2,6.2,32.2,1.2,3.3,37.1,0.9,1.1,81
Nicolo Melli,PF,NO,18,3,16.1,6.1,2,4.8,41.9,1.2,3.3,35,0.9,1.1,80
Jacob Evans,SG,GS,3,0,14.3,6,1.7,4,41.7,1.3,2.7,50,1.3,1.3,100
Tyus Jones,PG,MEM,20,3,20.2,6,2.4,6.5,37.7,0.3,1.6,19.4,0.8,1.2,69.6
Chris Boucher,PF,TOR,17,0,12.8,5.9,2.1,4.8,44.4,0.5,1.6,28.6,1.2,1.7,69
Royce O'Neale,SF,UTA,21,20,28.7,5.9,2.1,4.3,48.9,1.2,2.6,45.5,0.5,0.6,83.3
Dennis Smith Jr.,PG,NY,14,1,17.9,5.9,2.2,6.3,35.2,0.6,2,32.1,0.8,1.4,57.9
Sterling Brown,SG,MIL,15,0,17,5.8,2.1,4.9,41.9,1,2.7,37.5,0.7,0.9,76.9
Maurice Harkless,SF,LAC,21,11,22.1,5.7,2.3,4.6,51,0.5,1.4,37.9,0.5,1,50
Kyle Korver,SG,MIL,17,0,15.1,5.7,1.9,5.2,36.4,1.6,4.3,37,0.4,0.5,75
Jakob Poeltl,C,SA,21,6,17.9,5.7,2.5,4.3,57.8,0,0,0,0.8,1.3,57.1
Pat Connaughton,SG,MIL,19,0,18,5.6,2.1,4.4,47.6,0.8,2.5,31.2,0.6,0.8,75
Terrance Ferguson,SG,OKC,18,18,25.8,5.6,2,4.7,42.4,1.2,3.3,35.6,0.4,0.5,77.8
Derrick Jones Jr.,SF,MIA,5,0,11.6,5.6,2.4,4,60,0.2,0.8,25,0.6,0.6,100
JaKarr Sampson,SF,IND,9,7,18.4,5.6,2.6,4.6,56.1,0.2,1.1,20,0.2,0.8,28.6
Mike Scott,PF,PHI,21,0,19,5.6,2,5,40.6,1,3.2,32.8,0.5,0.5,90.9
Kenrich Williams,SG,NO,19,11,24.7,5.6,2.1,4.8,42.9,1.1,3,35.1,0.4,1,42.1
Quinn Cook,PG,LAL,17,0,14.2,5.5,2.3,5.2,43.8,0.7,1.9,36.4,0.2,0.3,80
Gorgui Dieng,C,MIN,15,2,12.7,5.5,2.1,4.5,45.6,0.5,1.6,33.3,0.8,1.1,75
Taj Gibson,PF,NY,19,13,16.4,5.5,2.5,4.8,51.6,0.1,0.4,25,0.5,0.8,60
Brandon Knight,PG,CLE,6,0,12.7,5.5,1.8,5.3,34.4,1.5,4.3,34.6,0.3,0.7,50
Cheick Diallo,PF,PHO,13,0,9.5,5.4,2.4,3,79.5,0,0,0,0.6,0.7,88.9
Marko Guduric,SG,MEM,20,0,15.6,5.4,2,5.4,38.3,0.8,2.6,30.8,0.5,0.5,100
D.J. Wilson,PF,MIL,9,0,11.3,5.4,2.2,4.2,52.6,1,2.9,34.6,0,0,0
Mo Bamba,C,ORL,17,0,15.3,5.3,2.2,5.4,40.2,0.7,1.9,36.4,0.2,0.5,50
Chris Clemons,PG,HOU,13,0,8.9,5.3,1.8,4,46.2,1.4,3.3,41.9,0.2,0.3,75
Allen Crabbe,SG,ATL,10,1,18.9,5.3,2,5.4,37,0.8,3.3,24.2,0.5,0.7,71.4
DeWayne Dedmon,C,SAC,19,4,14.9,5.3,2.1,5.1,41.2,0.5,2.4,22.2,0.6,0.7,84.6
Cory Joseph,PG,SAC,19,10,24.7,5.3,2.2,5.9,36.3,0.3,1.5,21.4,0.7,0.7,100
Marco Belinelli,SG,SA,20,0,16,5.2,1.8,6,29.4,0.9,3,30.5,0.8,1,71.4
Vince Carter,SG,ATL,16,0,15.2,5.1,1.9,5.6,33.7,0.9,3.8,25,0.4,0.5,75
De'Anthony Melton,SG,MEM,9,0,11.6,5.1,1.8,4.6,39,0.6,1.6,35.7,1,1.2,81.8
Dzanan Musa,SG,BKN,15,0,16,5.1,1.7,5.1,32.9,0.5,2.5,18.4,1.3,1.7,73.1
Svi Mykhailiuk,SG,DET,15,0,16.1,5.1,1.7,3.9,44.1,1.4,2.9,47.7,0.2,0.3,75
Dragan Bender,SF,MIL,3,0,9.7,5,2,2.7,75,0.7,1.3,50,0.3,0.3,100
Alex Caruso,SG,LAL,18,0,20.2,5,2,4.7,42.4,0.7,2.2,30.8,0.3,0.6,60
Reggie Jackson,PG,DET,2,2,18,5,2,5.5,36.4,0.5,2.5,20,0.5,0.5,100
Troy Daniels,SG,LAL,15,0,15.2,4.9,1.8,5.1,35.5,1.1,3.7,30.9,0.2,0.2,100
Mario Hezonja,SF,POR,18,4,18.2,4.9,1.7,4.6,36.1,0.6,1.6,34.5,1.1,1.3,82.6
Robin Lopez,C,MIL,21,2,14.4,4.9,2,4,49.4,0.5,1.6,33.3,0.5,0.8,58.8
Yogi Ferrell,PG,SAC,15,0,13,4.8,1.7,4,41.7,0.5,1.4,33.3,1,1.1,88.2
Courtney Lee,SG,DAL,5,3,9.4,4.8,2,3.4,58.8,0.8,1.4,57.1,0,0,0
Nassir Little,SF,POR,13,3,15.9,4.8,1.8,4.3,41.1,0.4,1.8,21.7,0.8,1.4,61.1
Theo Pinson,SG,BKN,11,0,15.2,4.8,1.7,6.2,27.9,0.6,3.1,20.6,0.7,0.8,88.9
Matt Thomas,SG,TOR,12,0,11.3,4.8,1.7,3.1,54.1,1.2,2.2,53.8,0.2,0.4,60
Ante Zizic,C,CLE,5,0,13.4,4.8,2,3.6,55.6,0,0,0,0.8,1,80
Goga Bitadze,C,IND,15,2,13.4,4.7,1.7,3.7,47.3,0.3,0.8,33.3,0.9,1.3,73.7
Michael Carter-Williams,PG,ORL,10,0,14.9,4.7,1.4,4.7,29.8,0.3,1.7,17.6,1.6,2,80
Naz Mitrou-Long,SG,IND,3,0,14.3,4.7,2,5.3,37.5,0.7,3.7,18.2,0,0,0
Iman Shumpert,SG,BKN,9,0,18.6,4.7,1.8,5.3,33.3,0.8,3,25.9,0.3,0.6,60
Tony Bradley,C,UTA,15,2,10,4.6,1.9,2.9,65.9,0,0,0,0.7,1.1,68.8
Ryan Arcidiacono,PG,CHI,21,0,16.8,4.5,1.4,3.6,39.5,1,2.2,43.5,0.7,1,75
Khem Birch,C,ORL,10,5,20.3,4.5,1.7,3.4,50,0,0.1,0,1.1,2.3,47.8
Bruno Fernando,PF,ATL,21,0,12.7,4.5,1.9,3.4,54.9,0.2,0.7,28.6,0.6,1,59.1
Elie Okobo,SF,PHO,13,0,11.1,4.5,1.5,3.8,40,0.8,1.8,41.7,0.7,1.3,52.9
Patrick Patterson,PF,LAC,19,11,13.7,4.5,1.5,3.9,38.7,1.3,3.1,40.7,0.2,0.4,50
Darius Bazley,SF,OKC,19,0,17.1,4.4,1.6,3.8,42.5,0.7,1.9,37.8,0.4,0.7,57.1
Jevon Carter,PG,PHO,14,2,14.7,4.4,1.6,3.7,42.3,1,2.4,42.4,0.3,0.3,100
Wayne Ellington,SG,NY,17,1,14.5,4.4,1.5,4.6,32.1,1.2,4,30.9,0.2,0.4,66.7
Isaiah Hartenstein,C,HOU,7,0,13.4,4.4,1.6,2.1,73.3,0,0.1,0,1.3,1.6,81.8
Trey Lyles,PF,SA,21,14,17.3,4.4,1.7,3.7,44.9,0.8,2,39.5,0.2,0.4,55.6
Kelan Martin,SF,MIN,8,0,14.5,4.4,1.9,5.5,34.1,0.6,3,20.8,0,0,0
Al-Farouq Aminu,PF,ORL,18,2,21.1,4.3,1.4,4.8,29.1,0.5,2,25,1.1,1.6,65.5
Evan Turner,SG,ATL,13,0,13.4,4.3,1.7,4.2,40.7,0,0.3,0,0.9,1.1,85.7
Daniel Gafford,PF,CHI,12,0,9.8,4.2,1.8,2.5,70,0,0,0,0.7,1.4,47.1
Chris Silva,PF,MIA,18,0,10.3,4.2,1.6,2.3,68.3,0,0.1,0,1.1,1.6,71.4
Matisse Thybulle,SG,PHI,20,3,15.6,4.2,1.4,3.4,40.6,0.8,1.8,43.2,0.6,0.8,70.6
Robert Williams,C,BOS,17,1,13.9,4.2,1.9,2.6,71.1,0,0,0,0.4,0.7,58.3
Isaac Bonga,SG,WAS,13,7,15.3,4.1,1.6,3.2,51.2,0.3,0.8,40,0.5,0.8,70
Carsen Edwards,PG,BOS,17,0,11.3,4.1,1.4,4.4,30.7,0.8,2.6,31.8,0.5,0.6,81.8
TJ Leaf,PF,IND,15,1,10.5,4.1,1.7,3.9,44.8,0.3,0.7,45.5,0.3,0.5,62.5
Denzel Valentine,SG,CHI,7,0,7.7,4.1,1.6,3.9,40.7,1,2.6,38.9,0,0,0
Noah Vonleh,PF,MIN,14,1,12.6,4.1,1.4,3.1,46.5,0.1,0.7,10,1.1,1.4,84.2
Trevor Ariza,SG,SAC,12,0,20,4,1.2,3.8,32.6,1,2.9,34.3,0.5,0.6,85.7
Tacko Fall,C,BOS,1,0,4,4,2,4,50,0,0,0,0,0,0
Justin James,SG,SAC,10,0,13.2,4,1.8,4.1,43.9,0.3,1.3,23.1,0.1,0.6,16.7
Ty Jerome,G,PHO,1,0,12,4,2,4,50,0,1,0,0,0,0
Patrick McCaw,SG,TOR,2,0,20,4,1.5,2.5,60,0.5,1.5,33.3,0.5,1,50
Rodney McGruder,SG,LAC,15,2,17.3,4,1.5,4,38.3,0.7,2.3,31.4,0.2,0.5,37.5
Yuta Watanabe,SG,MEM,1,0,3,4,2,2,100,0,0,0,0,0,0
Raul Neto,PG,PHI,18,2,11.8,3.9,1.6,3.5,46,0.5,1.2,42.9,0.2,0.2,75
Georges Niang,SF,UTA,15,0,10.1,3.9,1.4,2.9,48.8,0.6,1.6,37.5,0.5,0.7,70
Bruno Caboclo,SF,MEM,12,0,10.8,3.8,1.7,4.2,40,0.2,1.5,16.7,0.2,0.2,66.7
Shaquille Harrison,PG,CHI,12,4,9.8,3.8,1.4,3.6,39.5,0.2,0.8,33.3,0.7,1.2,57.1
Shake Milton,SG,PHI,8,0,8.8,3.8,1.2,3.6,34.5,0.5,2.1,23.5,0.8,0.9,85.7
Jerome Robinson,SG,LAC,16,0,11.6,3.8,1.4,3.6,37.9,0.7,1.9,36.7,0.3,0.5,62.5
Chandler Parsons,SF,ATL,3,0,11.7,3.7,1.3,4,33.3,1,3.3,30,0,0,0
Michael Porter Jr.,PF,DEN,10,0,9,3.7,1.5,3.4,44.1,0.2,1,20,0.5,0.8,62.5
Admiral Schofield,SG,WAS,6,0,8.7,3.7,1.2,1.7,70,0.7,1.2,57.1,0.7,0.7,100
Anthony Tolliver,PF,POR,15,7,17.8,3.7,1.1,3.9,29.3,0.9,3.1,28.3,0.6,0.7,81.8
Gary Trent Jr.,SG,POR,11,1,8.5,3.7,1.4,3,45.5,1,2.1,47.8,0,0,0
Nicolas Batum,SF,CHA,11,0,21.4,3.6,1.3,3.4,37.8,0.6,2.5,25.9,0.5,0.5,100
Luke Kornet,PF,CHI,11,0,11.5,3.6,1.4,4,34.1,0.5,2.2,20.8,0.5,0.5,100
Mike Muscala,PF,OKC,13,0,11.5,3.6,1.2,4,28.8,0.8,3,25.6,0.5,0.6,87.5
Thanasis Antetokounmpo,SF,MIL,4,0,6.2,3.5,1.5,2.5,60,0,0,0,0.5,1,50
Gary Clark,PF,HOU,6,0,10.7,3.5,1.3,3.2,42.1,0.8,2.5,33.3,0,0,0
Michael Kidd-Gilchrist,SF,CHA,2,0,9,3.5,1,5,20,0.5,1.5,33.3,1,1,100
Harry III Giles,PF,SAC,7,0,7.4,3.4,1.6,3.6,44,0,0,0,0.3,0.3,100
Willy Hernangomez,C,CHA,7,0,8.1,3.4,1.3,2.9,45,0.3,0.7,40,0.6,1.1,50
Juancho Hernangomez,PF,DEN,10,0,13,3.4,1.2,2.7,44.4,0.7,1.8,38.9,0.3,0.7,42.9
Thon Maker,PF,DET,18,0,11.8,3.4,1.1,2.2,50,0.3,0.7,46.2,0.9,1.7,51.6
James Johnson,PF,MIA,6,0,11.3,3.3,1.3,3,44.4,0.3,1.5,22.2,0.3,0.7,50
Kyle O'Quinn,C,PHI,13,0,9.2,3.3,1.4,2.5,54.5,0.4,0.9,41.7,0.2,0.5,33.3
Jordan Bell,PF,MIN,9,0,8.2,3.2,1.2,2.1,57.9,0,0.3,0,0.8,1.2,63.6
Wes Iwundu,SF,ORL,10,3,14.2,3.2,0.8,3.3,24.2,0.1,0.9,11.1,1.5,1.8,83.3
Alfonzo McKinnie,SF,CLE,13,0,11.2,3.2,1.1,2.7,40,0.5,1.2,43.8,0.5,0.7,66.7
David Nwaba,SG,BKN,12,0,11.4,3.2,1.2,1.8,63.6,0.3,0.8,40,0.6,1,58.3
Deonte Burton,SG,OKC,11,0,8.5,3.1,1.2,2.9,40.6,0.5,1.5,31.2,0.3,0.4,75
Tyrone Wallace,SG,ATL,13,0,12,3.1,1.1,3.2,33.3,0.1,1.1,7.1,0.8,1.3,64.7
Ryan Broekhoff,SG,DAL,4,0,6.2,3,1,2,50,1,1.2,80,0,0,0
Nicolas Claxton,PF,BKN,9,0,13.2,3,1.2,2.3,52.4,0,0.6,0,0.6,1.3,41.7
Drew Eubanks,PF,SA,3,0,8.3,3,1.3,3,44.4,0,0,0,0.3,0.3,100
Javonte Green,SG,BOS,13,0,6.5,3,1.3,2.4,54.8,0.2,0.8,30,0.2,0.4,40
John Henson,PF,CLE,1,0,8,3,1,2,50,0,1,0,1,6,16.7
Norvel Pelle,SF,PHI,1,0,13,3,0,0,0,0,0,0,3,4,75
Cody Martin,SF,CHA,16,0,11.8,2.9,0.9,2.6,35.7,0.1,1.1,5.6,0.9,1.4,68.2
Torrey Craig,SF,DEN,13,2,14.4,2.8,1.1,3.2,34.1,0.3,1.5,20,0.3,0.7,44.4
Jordan McLaughlin,PG,MIN,4,0,14.2,2.8,1,3.8,26.7,0.2,2,12.5,0.5,0.5,100
Tim Frazier,PG,DET,11,4,11.7,2.7,0.7,3.5,20.5,0.3,1.2,23.1,1,1.3,78.6
Chimezie Metu,PF,SA,6,0,3.5,2.7,1.2,2,58.3,0,0,0,0.3,0.7,50
Semi Ojeleye,PF,BOS,19,1,13.1,2.7,1,2.3,43.2,0.5,1.3,36,0.3,0.4,62.5
Mfiondu Kabengele,PF,LAC,5,0,3.8,2.6,0.8,1.8,44.4,0.6,1,60,0.4,0.4,100
Ryan Anderson,PF,HOU,2,0,7,2.5,1,3.5,28.6,0.5,2.5,20,0,0,0
DeMarre Carroll,SF,SA,10,0,11.2,2.5,0.7,2.5,28,0.3,1.2,25,0.8,1,80
Devon Hall,SG,OKC,2,0,7.5,2.5,0.5,2,25,0,1,0,1.5,2,75
Udonis Haslem,PF,MIA,2,0,5.5,2.5,0.5,0.5,100,0,0,0,1.5,2,75
Kevon Looney,PF,GS,2,2,12.5,2.5,1,3.5,28.6,0.5,0.5,100,0,0,0
Terance Mann,SG,LAC,16,3,8.4,2.5,1,1.9,51.6,0.1,0.4,16.7,0.4,0.5,87.5
Max Strus,SG,CHI,2,0,3,2.5,1,1.5,66.7,0,0.5,0,0.5,0.5,100
Lonnie Walker IV,SG,SA,14,0,5.8,2.5,1.1,2.8,41,0.1,0.5,28.6,0.1,0.5,14.3
Matthew Dellavedova,PG,CLE,17,0,13.6,2.4,0.8,3.1,25,0.2,1.8,9.7,0.7,0.8,92.3
Iggy Brazdeikis,SF,NY,6,0,7,2.3,0.8,3.2,26.3,0.2,1.2,14.3,0.5,0.7,75
Wenyen Gabriel,PF,SAC,7,0,6.7,2.3,0.7,2.3,31.2,0.1,1.1,12.5,0.7,1.3,55.6
Rodions Kurucs,SF,BKN,10,0,9.9,2.3,0.9,2.3,39.1,0.3,0.7,42.9,0.2,0.6,33.3
Dante Exum,PG,UTA,8,0,7.4,2.2,0.9,1.8,50,0.2,0.5,50,0.2,0.2,100
Malcolm Miller,SG,TOR,8,1,6,2.2,0.8,1.4,54.5,0.6,1.2,50,0.1,0.5,25
Thabo Sefolosha,SF,HOU,16,0,11.4,2.2,0.9,2.6,33.3,0.5,1.6,30.8,0,0,0
Grant Williams,PF,BOS,18,0,14.8,2.2,0.8,3,25.9,0,1.2,0,0.7,0.8,80
Moses Brown,C,POR,4,0,3.8,2,0.8,1.8,42.9,0,0,0,0.5,1,50
Tyler Cook,PF,CLE,6,0,2.8,2,0.8,1,83.3,0,0,0,0.3,0.3,100
Sekou Doumbouya,SF,DET,2,0,2.5,2,1,1.5,66.7,0,0.5,0,0,0.5,0
Amile Jefferson,PF,ORL,3,0,3,2,1,1,100,0,0,0,0,0,0
Josh Magette,PG,ORL,2,0,4,2,1,2.5,40,0,0,0,0,0,0
Frank Mason,PG,MIL,2,0,5,2,0.5,2,25,0.5,1,50,0.5,1,50
Jalen McDaniels,PF,CHA,1,0,3,2,1,2,50,0,0,0,0,0,0
Shamorie Ponds,PG,TOR,2,0,4,2,1,2,50,0,0.5,0,0,0,0
Charlie Brown,SG,ATL,4,0,4,1.8,0.2,0.8,33.3,0.2,0.2,100,1,1,100
Tyson Chandler,C,HOU,17,4,9.1,1.7,0.7,0.9,75,0,0,0,0.3,0.5,55.6
Caleb Martin,SF,CHA,3,0,8.3,1.7,0.7,3,22.2,0,1,0,0.3,1,33.3
Alize Johnson,PF,IND,8,0,4.6,1.6,0.6,1.4,45.5,0,0,0,0.4,0.5,75
Johnathan Motley,PF,LAC,2,0,2,1.5,0.5,1.5,33.3,0.5,0.5,100,0,0,0
Jaylen Nowell,SG,MIN,2,0,7.5,1.5,0.5,2,25,0,1.5,0,0.5,0.5,100
Stanley Johnson,SF,TOR,5,0,3.8,1.4,0.6,1.8,33.3,0.2,0.8,25,0,0,0
Jordan Bone,PG,DET,3,0,2,1.3,0.7,1.7,40,0,0.3,0,0,0,0
Ed Davis,C,UTA,9,0,12,1.3,0.6,1.4,38.5,0,0,0,0.2,0.4,50
Dewan Hernandez,C,TOR,3,0,3,1.3,0.3,1.7,20,0,0.3,0,0.7,0.7,100
Chris Chiozza,PG,WAS,5,0,9.6,1.2,0.4,2.2,18.2,0.4,0.8,50,0,0,0
Jared Dudley,SF,LAL,12,0,7.4,1.2,0.3,0.8,40,0.3,0.6,57.1,0.2,0.2,100
Vincent Poirier,C,BOS,6,0,5.2,1.2,0.5,1.3,37.5,0,0,0,0.2,0.3,50
Justin Robinson,PG,WAS,4,0,3,1.2,0.5,1.2,40,0.2,0.2,100,0,0,0
Jonah Bolden,PF,PHI,2,0,2.5,1,0.5,0.5,100,0,0,0,0,1,0
Zylan Cheatham,SF,NO,2,0,10,1,0.5,2,25,0,0.5,0,0,0,0
Josh Gray,PG,NO,2,0,11.5,1,0.5,1,50,0,0,0,0,0,0
DaQuan Jeffries,SG,SAC,2,0,5.5,1,0.5,0.5,100,0,0,0,0,0,0
Daryl Macon,SG,MIA,3,0,4.3,1,0.3,1,33.3,0.3,0.7,50,0,0,0
Justin Patton,C,OKC,2,0,4.5,1,0.5,1.5,33.3,0,0.5,0,0,0,0
Dean Wade,PF,CLE,3,0,6,1,0.3,0.7,50,0.3,0.3,100,0,0,0
Derrick Walton,PG,LAC,5,0,3.8,1,0.4,0.6,66.7,0.2,0.4,50,0,0,0
Oshae Brissett,SF,TOR,4,0,4.2,0.8,0.2,0.8,33.3,0.2,0.2,100,0,0,0
Caleb Swanigan,PF,SAC,4,0,2.8,0.8,0.2,0.5,50,0,0,0,0.2,0.5,50
Brian Bowen,SG,IND,3,0,3.3,0.7,0.3,1.3,25,0,0.3,0,0,0,0
Melvin Frazier Jr.,SG,ORL,3,0,2.7,0.7,0.3,1.7,20,0,0.3,0,0,0,0
Jaylen Hoard,SF,POR,3,0,3.7,0.7,0.3,0.7,50,0,0,0,0,0,0
Timothe Luwawu-Cabarrot,SG,BKN,2,0,3,0.5,0,1,0,0,0.5,0,0.5,1,50
Khyri Thomas,SG,DET,2,0,3,0.5,0,0,0,0,0,0,0.5,1,50
Nigel Williams-Goss,PG,UTA,5,0,3,0.4,0,0.8,0,0,0.2,0,0.4,0.4,100
Kostas Antetokounmpo,PF,LAL,2,0,1.5,0,0,0,0,0,0,0,0,0,0
Jarrell Brantley,PF,UTA,1,0,5,0,0,0,0,0,0,0,0,0,0
Vlatko Cancar,SF,DEN,1,0,2,0,0,0,0,0,0,0,0,0,0
Henry Ellenson,PF,BKN,1,0,3,0,0,0,0,0,0,0,0,0,0
Brandon Goodwin,PG,ATL,1,0,2,0,0,0,0,0,0,0,0,0,0
Jared Harper,PG,PHO,1,0,2,0,0,1,0,0,1,0,0,0,0
Keldon Johnson,SF,SA,1,0,2,0,0,1,0,0,0,0,0,0,0
Stanton Kidd,SF,UTA,4,0,3.8,0,0,0.8,0,0,0.2,0,0,0,0
John Konchar,SG,MEM,1,0,7,0,0,0,0,0,0,0,0,0,0
Romeo Langford,SG,BOS,1,0,0,0,0,0,0,0,0,0,0,0,0
Garrison Mathews,SG,WAS,2,0,7,0,0,1,0,0,1,0,0,0,0
Juwan Morgan,F,UTA,1,0,3,0,0,0,0,0,0,0,0,0,0
Zach Norvell,SG,LAL,2,0,2.5,0,0,0.5,0,0,0,0,0,0,0
KZ Okpala,SF,MIA,2,0,1.5,0,0,0,0,0,0,0,0,0,0
Miye Oni,SG,UTA,2,0,2,0,0,0,0,0,0,0,0,0,0
Jarred Vanderbilt,PF,DEN,3,0,3,0,0,0,0,0,0,0,0,0,0
